employee_id,branch_id,role,hourly_rate,role_original
EMP0001,BR01,KOKI,25000,Koki
EMP0002,BR01,KOKI,25000,Koki
EMP0003,BR01,SHIFT LEADER,35000,Shift Leader
EMP0004,BR01,PRAMUSAJI,17000,Pramusaji
EMP0005,BR01,KASIR,18000,Kasir
EMP0006,BR01,PRAMUSAJI,17000,Pramusaji
EMP0007,BR02,KOKI,25000,Koki
EMP0008,BR02,KOKI,25000,Koki
EMP0009,BR02,KASIR,18000,Kasir
EMP0010,BR02,KASIR,18000,Kasir
EMP0011,BR02,PRAMUSAJI,17000,Pramusaji
EMP0012,BR02,KOKI,25000,Koki
EMP0013,BR02,PRAMUSAJI,17000,Pramusaji
EMP0014,BR02,KASIR,18000,Kasir
EMP0015,BR02,KASIR,18000,Kasir
EMP0016,BR02,PRAMUSAJI,17000,Pramusaji
EMP0017,BR02,KOKI,25000,Koki
EMP0018,BR03,KASIR,18000,Kasir
EMP0019,BR03,KOKI,25000,Koki
EMP0020,BR03,KOKI,25000,Koki
EMP0021,BR03,KOKI,25000,Koki
EMP0022,BR03,KASIR,18000,Kasir
EMP0023,BR03,KOKI,25000,Koki
EMP0024,BR03,PRAMUSAJI,17000,Pramusaji
EMP0025,BR03,PRAMUSAJI,17000,Pramusaji
EMP0026,BR03,PRAMUSAJI,17000,Pramusaji
EMP0027,BR03,PRAMUSAJI,17000,Pramusaji
EMP0028,BR03,PRAMUSAJI,17000,Pramusaji
EMP0029,BR03,KASIR,18000,Kasir
EMP0030,BR03,PRAMUSAJI,17000,Pramusaji
EMP0031,BR04,PRAMUSAJI,17000,Pramusaji
EMP0032,BR04,KOKI,25000,Koki
EMP0033,BR04,PRAMUSAJI,17000,Pramusaji
EMP0034,BR04,PRAMUSAJI,17000,Pramusaji
EMP0035,BR04,SHIFT LEADER,35000,Shift Leader
EMP0036,BR04,KASIR,18000,Kasir
EMP0037,BR04,PRAMUSAJI,17000,Pramusaji
EMP0038,BR04,PRAMUSAJI,17000,Pramusaji
EMP0039,BR04,KASIR,18000,Kasir
EMP0040,BR04,KASIR,18000,Kasir
EMP0041,BR05,KOKI,25000,Koki
EMP0042,BR05,KASIR,18000,Kasir
EMP0043,BR05,KOKI,25000,Koki
EMP0044,BR05,SHIFT LEADER,35000,Shift Leader
EMP0045,BR05,SHIFT LEADER,35000,Shift Leader
EMP0046,BR05,KASIR,18000,Kasir
EMP0047,BR05,KASIR,18000,Kasir
EMP0048,BR06,PRAMUSAJI,17000,Pramusaji
EMP0049,BR06,SHIFT LEADER,35000,Shift Leader
EMP0050,BR06,KASIR,18000,Kasir
EMP0051,BR06,KOKI,25000,Koki
EMP0052,BR06,KOKI,25000,Koki
EMP0053,BR06,PRAMUSAJI,17000,Pramusaji
EMP0054,BR07,PRAMUSAJI,17000,Pramusaji
EMP0055,BR07,PRAMUSAJI,17000,Pramusaji
EMP0056,BR07,KASIR,18000,Kasir
EMP0057,BR07,KOKI,25000,Koki
EMP0058,BR07,PRAMUSAJI,17000,Pramusaji
EMP0059,BR07,KASIR,18000,Kasir
EMP0060,BR07,KASIR,18000,Kasir
EMP0061,BR07,KASIR,18000,Kasir
EMP0062,BR07,PRAMUSAJI,17000,Pramusaji
EMP0063,BR07,KASIR,18000,Kasir
EMP0064,BR07,PRAMUSAJI,17000,Pramusaji
EMP0065,BR08,KASIR,18000,Kasir
EMP0066,BR08,KASIR,18000,Kasir
EMP0067,BR08,KASIR,18000,Kasir
EMP0068,BR08,SHIFT LEADER,35000,Shift Leader
EMP0069,BR08,PRAMUSAJI,17000,Pramusaji
EMP0070,BR08,PRAMUSAJI,17000,Pramusaji
EMP0071,BR08,KOKI,25000,Koki
EMP0072,BR08,KASIR,18000,Kasir
EMP0073,BR08,KASIR,18000,Kasir
EMP0074,BR08,KASIR,18000,Kasir
EMP0075,BR08,KASIR,18000,Kasir
EMP0076,BR09,PRAMUSAJI,17000,Pramusaji
EMP0077,BR09,KOKI,25000,Koki
EMP0078,BR09,KASIR,18000,Kasir
EMP0079,BR09,PRAMUSAJI,17000,Pramusaji
EMP0080,BR09,KASIR,18000,Kasir
EMP0081,BR09,KOKI,25000,Koki
EMP0082,BR09,PRAMUSAJI,17000,Pramusaji
EMP0083,BR09,KOKI,25000,Koki
EMP0084,BR09,KOKI,25000,Koki
EMP0085,BR10,PRAMUSAJI,17000,Pramusaji
EMP0086,BR10,KOKI,25000,Koki
EMP0087,BR10,PRAMUSAJI,17000,Pramusaji
EMP0088,BR10,KOKI,25000,Koki
EMP0089,BR10,PRAMUSAJI,17000,Pramusaji
EMP0090,BR10,PRAMUSAJI,17000,Pramusaji
EMP0091,BR10,KASIR,18000,Kasir
EMP0092,BR10,KOKI,25000,Koki
EMP0093,BR11,PRAMUSAJI,17000,Pramusaji
EMP0094,BR11,PRAMUSAJI,17000,Pramusaji
EMP0095,BR11,KASIR,18000,Kasir
EMP0096,BR11,KOKI,25000,Koki
EMP0097,BR11,SHIFT LEADER,35000,Shift Leader
EMP0098,BR11,KOKI,25000,Koki
EMP0099,BR11,KOKI,25000,Koki
EMP0100,BR11,KOKI,25000,Koki
EMP0101,BR11,KOKI,25000,Koki
EMP0102,BR11,KOKI,25000,Koki
EMP0103,BR11,KASIR,18000,Kasir
EMP0104,BR11,PRAMUSAJI,17000,Pramusaji
EMP0105,BR12,PRAMUSAJI,17000,Pramusaji
EMP0106,BR12,KASIR,18000,Kasir
EMP0107,BR12,KOKI,25000,Koki
EMP0108,BR12,PRAMUSAJI,17000,Pramusaji
EMP0109,BR12,KASIR,18000,Kasir
EMP0110,BR12,KOKI,25000,Koki
EMP0111,BR12,PRAMUSAJI,17000,Pramusaji
EMP0112,BR12,KOKI,25000,Koki
EMP0113,BR12,KASIR,18000,Kasir
EMP0114,BR12,KASIR,18000,Kasir
EMP0115,BR13,PRAMUSAJI,17000,Pramusaji
EMP0116,BR13,PRAMUSAJI,17000,Pramusaji
EMP0117,BR13,PRAMUSAJI,17000,Pramusaji
EMP0118,BR13,PRAMUSAJI,17000,Pramusaji
EMP0119,BR13,KOKI,25000,Koki
EMP0120,BR13,KOKI,25000,Koki
EMP0121,BR13,KOKI,25000,Koki
EMP0122,BR13,KASIR,18000,Kasir
EMP0123,BR14,SHIFT LEADER,35000,Shift Leader
EMP0124,BR14,KASIR,18000,Kasir
EMP0125,BR14,PRAMUSAJI,17000,Pramusaji
EMP0126,BR14,PRAMUSAJI,17000,Pramusaji
EMP0127,BR14,KOKI,25000,Koki
EMP0128,BR14,PRAMUSAJI,17000,Pramusaji
EMP0129,BR14,PRAMUSAJI,17000,Pramusaji
EMP0130,BR14,KASIR,18000,Kasir
EMP0131,BR15,KOKI,25000,Koki
EMP0132,BR15,KOKI,25000,Koki
EMP0133,BR15,PRAMUSAJI,17000,Pramusaji
EMP0134,BR15,SHIFT LEADER,35000,Shift Leader
EMP0135,BR15,KASIR,18000,Kasir
EMP0136,BR15,KOKI,25000,Koki
EMP0137,BR15,SHIFT LEADER,35000,Shift Leader
EMP0138,BR16,KOKI,25000,Koki
EMP0139,BR16,SHIFT LEADER,35000,Shift Leader
EMP0140,BR16,PRAMUSAJI,17000,Pramusaji
EMP0141,BR16,PRAMUSAJI,17000,Pramusaji
EMP0142,BR16,KOKI,25000,Koki
EMP0143,BR16,PRAMUSAJI,17000,Pramusaji
EMP0144,BR17,PRAMUSAJI,17000,Pramusaji
EMP0145,BR17,PRAMUSAJI,17000,Pramusaji
EMP0146,BR17,KASIR,18000,Kasir
EMP0147,BR17,SHIFT LEADER,35000,Shift Leader
EMP0148,BR17,KASIR,18000,Kasir
EMP0149,BR17,PRAMUSAJI,17000,Pramusaji
EMP0150,BR17,SHIFT LEADER,35000,Shift Leader
EMP0151,BR17,PRAMUSAJI,17000,Pramusaji
EMP0152,BR18,KASIR,18000,Kasir
EMP0153,BR18,PRAMUSAJI,17000,Pramusaji
EMP0154,BR18,PRAMUSAJI,17000,Pramusaji
EMP0155,BR18,KASIR,18000,Kasir
EMP0156,BR18,PRAMUSAJI,17000,Pramusaji
EMP0157,BR18,PRAMUSAJI,17000,Pramusaji
EMP0158,BR18,KOKI,25000,Koki
EMP0159,BR18,KASIR,18000,Kasir
EMP0160,BR18,KOKI,25000,Koki
EMP0161,BR18,KASIR,18000,Kasir
EMP0162,BR18,PRAMUSAJI,17000,Pramusaji
