branch_id,month,rent_cost,marketing_cost,utilities_cost,utilities_missing_flag
BR01,2026-04-01,3795817.0,1461250,913977.0,False
BR01,2026-05-01,4615598.0,1468998,1439577.0,False
BR01,2026-06-01,4814527.0,917506,1269329.0,False
BR01,2026-07-01,3693254.0,901373,1256983.0,False
BR01,2026-08-01,4479614.0,1345139,1488125.0,False
BR01,2026-09-01,3411682.0,697366,1273598.2,True
BR02,2026-04-01,4708644.0,1776395,1666536.2,True
BR02,2026-05-01,5449730.0,608807,1693178.0,False
BR02,2026-06-01,6773740.0,2078533,1842150.0,False
BR02,2026-07-01,6336409.0,1689580,1761180.0,False
BR02,2026-08-01,6362477.0,1625955,1849676.0,False
BR02,2026-09-01,4273030.0,768105,1186497.0,False
BR03,2026-04-01,5745641.0,1629195,1227955.0,False
BR03,2026-05-01,5159206.0,1553224,1659509.0,False
BR03,2026-06-01,4700142.0,556923,1611172.0,False
BR03,2026-07-01,5882495.0,1252839,1488684.0,False
BR03,2026-08-01,6660758.0,1349509,1831429.0,False
BR03,2026-09-01,3426735.0,460235,1563749.8,True
BR04,2026-04-01,6918251.0,1411749,1889318.0,False
BR04,2026-05-01,6536457.0,1909320,1629521.0,True
BR04,2026-06-01,6317664.0,1182880,1595069.0,False
BR04,2026-07-01,5530697.0,1178332,1629521.0,True
BR04,2026-08-01,6956672.0,2123247,1947645.0,False
BR04,2026-09-01,3661144.0,577974,1086052.0,False
BR05,2026-04-01,4729786.0,737870,1471543.0,False
BR05,2026-05-01,5864882.0,1403792,1530162.0,False
BR05,2026-06-01,4441034.0,600610,1109758.0,False
BR05,2026-07-01,5581075.0,1224719,1481466.0,False
BR05,2026-08-01,6063151.0,1446930,1571051.0,False
BR05,2026-09-01,3074737.0,549650,964957.0,False
BR06,2026-04-01,5600703.0,1247305,1434463.0,False
BR06,2026-05-01,5114031.0,1196299,1409569.0,False
BR06,2026-06-01,4274130.0,526705,1602248.0,False
BR06,2026-07-01,6496815.0,1829825,1407259.0,False
BR06,2026-08-01,5661981.0,662318,1863569.0,False
BR06,2026-09-01,3311020.0,1132203,997639.0,False
BR07,2026-04-01,6321946.0,1720515,1297921.0,False
BR07,2026-05-01,5753487.0,974025,2087201.0,False
BR07,2026-06-01,6679458.0,1370654,1409345.0,False
BR07,2026-07-01,5684162.0,2278092,1647639.0,False
BR07,2026-08-01,5548328.0,2175941,1770909.0,False
BR07,2026-09-01,3687574.0,1268577,1102499.0,False
BR08,2026-04-01,4298818.0,1205591,1213280.0,False
BR08,2026-05-01,5783444.0,1052417,1624274.0,False
BR08,2026-06-01,5309754.0,516409,1354417.0,True
BR08,2026-07-01,4977798.0,1667034,1122380.0,False
BR08,2026-08-01,5558236.0,2126948,1873368.0,False
BR08,2026-09-01,2861932.0,1183189,938783.0,False
BR09,2026-04-01,5928504.0,2239132,2085140.75,True
BR09,2026-05-01,9343827.0,1342150,1903422.0,False
BR09,2026-06-01,6319220.0,1823701,1799649.0,False
BR09,2026-07-01,7597235.0,835115,2059367.0,False
BR09,2026-08-01,7030206.0,1415604,2578125.0,False
BR09,2026-09-01,4151992.0,1339054,2085140.75,True
BR10,2026-04-01,5322640.0,1220812,1340627.0,False
BR10,2026-05-01,4820710.0,771084,1259390.0,False
BR10,2026-06-01,3972141.0,475233,1291761.0,False
BR10,2026-07-01,4409315.0,1713734,1251695.0,False
BR10,2026-08-01,4728675.0,1440937,1578520.0,False
BR10,2026-09-01,2806711.0,794167,976416.0,False
BR11,2026-04-01,4146661.0,534122,1223311.0,False
BR11,2026-05-01,6020828.0,1356509,1345262.0,False
BR11,2026-06-01,4544538.0,607177,1328867.0,False
BR11,2026-07-01,4221627.0,1615706,1587933.0,False
BR11,2026-08-01,6180268.0,1899830,1350005.0,False
BR11,2026-09-01,2895311.0,905476,961150.0,False
BR12,2026-04-01,4044843.0,578947,1200088.0,False
BR12,2026-05-01,5060510.0,1330395,1364838.0,False
BR12,2026-06-01,5145013.0,622457,1285402.0,False
BR12,2026-07-01,4184111.0,1807821,1493950.0,False
BR12,2026-08-01,5873316.0,635980,1440943.0,False
BR12,2026-09-01,3040793.0,1031386,1357044.2,True
BR13,2026-04-01,3692788.0,1081829,1078195.0,False
BR13,2026-05-01,3421085.0,1184298,1172387.0,False
BR13,2026-06-01,3641489.0,392174,1071071.0,False
BR13,2026-07-01,4416009.0,531098,1266097.0,False
BR13,2026-08-01,4952042.0,468675,1218105.0,False
BR13,2026-09-01,3387458.0,958527,902147.0,False
BR14,2026-04-01,4643538.0,729778,1394349.0,False
BR14,2026-05-01,5961895.0,2174534,1842393.0,False
BR14,2026-06-01,5051697.0,1584760,1194199.0,False
BR14,2026-07-01,6829084.0,2084773,1725448.0,False
BR14,2026-08-01,7416983.0,681629,1792914.0,False
BR14,2026-09-01,3741054.0,697956,989349.0,False
BR15,2026-04-01,5005579.0,1053760,1555999.0,False
BR15,2026-05-01,4970062.0,1041567,1341784.0,False
BR15,2026-06-01,4826657.0,1466010,1134805.0,False
BR15,2026-07-01,4395405.0,750735,1615855.0,False
BR15,2026-08-01,4499864.0,1534342,1321143.8,True
BR15,2026-09-01,3227097.0,356197,957276.0,False
BR16,2026-04-01,4764382.0,1063644,1456335.8,True
BR16,2026-05-01,6698810.0,903739,1722274.0,False
BR16,2026-06-01,5206103.0,533201,1141428.0,False
BR16,2026-07-01,5746866.0,1806888,1498458.0,False
BR16,2026-08-01,6283255.0,2034225,1974669.0,False
BR16,2026-09-01,3810840.0,546835,944850.0,False
BR17,2026-04-01,5743425.0,824144,1408884.0,False
BR17,2026-05-01,7245278.0,1028545,1828166.0,False
BR17,2026-06-01,4914658.0,1412781,1470834.0,False
BR17,2026-07-01,6599741.0,609718,1420124.6,True
BR17,2026-08-01,6104644.0,2461181,1590679.0,False
BR17,2026-09-01,4069375.0,968173,802060.0,False
BR18,2026-06-01,698649.0,226319,177978.0,False
BR18,2026-07-01,2668528.0,670870,683508.0,False
BR18,2026-08-01,3393145.0,1097563,932305.0,False
BR18,2026-09-01,1649745.0,665898,507250.0,False
