item_id,ingredient_id,qty_per_unit
ITM01,ING01,0.15
ITM01,ING03,0.2
ITM01,ING05,0.02
ITM02,ING02,0.12
ITM02,ING03,0.2
ITM03,ING04,0.15
ITM03,ING05,0.02
ITM03,ING01,0.05
ITM04,ING01,0.18
ITM04,ING17,0.01
ITM05,ING03,0.2
ITM05,ING05,0.02
ITM05,ING01,0.05
ITM06,ING01,0.14
ITM06,ING17,0.01
ITM07,ING06,0.01
ITM07,ING17,0.02
ITM08,ING07,0.15
ITM08,ING17,0.015
ITM09,ING08,0.02
ITM09,ING09,0.1
ITM09,ING17,0.02
ITM10,ING10,0.015
ITM10,ING09,0.12
ITM11,ING11,0.25
ITM11,ING09,0.05
ITM11,ING17,0.01
ITM12,ING12,0.15
ITM12,ING05,0.03
ITM13,ING13,0.2
ITM13,ING14,0.03
ITM13,ING05,0.02
ITM14,ING15,0.2
ITM14,ING05,0.03
ITM15,ING16,0.05
ITM15,ING09,0.08
ITM16,ING18,0.1
ITM16,ING16,0.02
