branch_id,month,revenue,cogs_used,food_cost_pct,labor_cost,labor_cost_pct,rent_cost,marketing_cost,utilities_cost,total_cost,net_margin,net_margin_pct
BR01,2026-04,39896000,11980733.9,30.03,7988800.0,20.02,3795817.0,1461250,913977.0,26140577.9,13755422.100000001,34.48
BR01,2026-05,41971000,12872704.2,30.67,8499500.0,20.25,4615598.0,1468998,1439577.0,28896377.2,13074622.8,31.15
BR01,2026-06,42210500,12715313.07,30.12,8361300.0,19.81,4814527.0,917506,1269329.0,28077975.07,14132524.93,33.48
BR01,2026-07,40519500,12109314.82,29.89,7834200.0,19.33,3693254.0,901373,1256983.0,25795124.82,14724375.18,36.34
BR01,2026-08,46703000,13762463.809999999,29.47,9183900.0,19.66,4479614.0,1345139,1488125.0,30259241.81,16443758.190000001,35.21
BR01,2026-09,26836500,7861757.74,29.3,5157400.0,19.22,3411682.0,697366,1273598.2,18401803.94,8434696.059999999,31.43
BR02,2026-04,50730500,14582398.14,28.74,10171900.0,20.05,4708644.0,1776395,1666536.2,32905873.34,17824626.66,35.14
BR02,2026-05,57250500,16227067.43,28.34,12028300.0,21.01,5449730.0,608807,1693178.0,36007082.43,21243417.57,37.11
BR02,2026-06,52947500,15540026.42,29.35,10372500.0,19.59,6773740.0,2078533,1842150.0,36606949.42,16340550.579999998,30.86
BR02,2026-07,55159000,16009446.16,29.02,10750300.0,19.49,6336409.0,1689580,1761180.0,36546915.16,18612084.840000004,33.74
BR02,2026-08,60734000,17751882.85,29.23,12365900.0,20.36,6362477.0,1625955,1849676.0,39955890.85,20778109.15,34.21
BR02,2026-09,38685500,10956331.370000001,28.32,7835800.0,20.26,4273030.0,768105,1186497.0,25019763.37,13665736.629999999,35.33
BR03,2026-04,49313000,13886727.35,28.16,15278400.0,30.98,5745641.0,1629195,1227955.0,37767918.35,11545081.649999999,23.41
BR03,2026-05,51075000,14814438.17,29.01,15315000.0,29.99,5159206.0,1553224,1659509.0,38501377.17,12573622.829999998,24.62
BR03,2026-06,49206500,14041540.27,28.54,15172400.0,30.83,4700142.0,556923,1611172.0,36082177.269999996,13124322.730000004,26.67
BR03,2026-07,48407000,14479816.08,29.91,15345800.0,31.7,5882495.0,1252839,1488684.0,38449634.08,9957365.920000002,20.57
BR03,2026-08,57020000,16754179.32,29.38,16849600.0,29.55,6660758.0,1349509,1831429.0,43445475.32,13574524.68,23.81
BR03,2026-09,31012500,8774049.12,28.29,9327300.0,30.08,3426735.0,460235,1563749.8,23552068.919999998,7460431.080000002,24.06
BR04,2026-04,56397500,15651724.93,27.75,10424500.0,18.48,6918251.0,1411749,1889318.0,36295542.93,20101957.07,35.64
BR04,2026-05,58380500,16270586.36,27.87,11108100.0,19.03,6536457.0,1909320,1629521.0,37453984.36,20926515.64,35.85
BR04,2026-06,48884500,13615637.370000001,27.85,9059300.0,18.53,6317664.0,1182880,1595069.0,31770550.37,17113949.63,35.01
BR04,2026-07,56332000,15823121.99,28.09,11163800.0,19.82,5530697.0,1178332,1629521.0,35325471.99,21006528.009999998,37.29
BR04,2026-08,62030500,17389194.11,28.03,11755400.0,18.95,6956672.0,2123247,1947645.0,40172158.11,21858341.89,35.24
BR04,2026-09,33482500,9289686.5,27.74,6771200.0,20.22,3661144.0,577974,1086052.0,21386056.5,12096443.5,36.13
BR05,2026-04,45421500,16765460.99,36.91,9137300.0,20.12,4729786.0,737870,1471543.0,32841959.990000002,12579540.009999998,27.7
BR05,2026-05,51598500,18213843.509999998,35.3,10256900.0,19.88,5864882.0,1403792,1530162.0,37269579.51,14328920.490000002,27.77
BR05,2026-06,44673000,16145390.370000001,36.14,8024400.0,17.96,4441034.0,600610,1109758.0,30321192.37,14351807.629999999,32.13
BR05,2026-07,45713500,15750641.01,34.46,8960900.0,19.6,5581075.0,1224719,1481466.0,32998801.009999998,12714698.990000002,27.81
BR05,2026-08,48624500,17795359.99,36.6,9719700.0,19.99,6063151.0,1446930,1571051.0,36596191.989999995,12028308.010000005,24.74
BR05,2026-09,32314500,11862942.23,36.71,6488100.0,20.08,3074737.0,549650,964957.0,22940386.23,9374113.77,29.01
BR06,2026-04,51532500,14762922.77,28.65,9688200.0,18.8,5600703.0,1247305,1434463.0,32733593.77,18798906.23,36.48
BR06,2026-05,50591000,14384749.97,28.43,9929700.0,19.63,5114031.0,1196299,1409569.0,32034348.97,18556651.03,36.68
BR06,2026-06,45798500,12699669.45,27.73,8777800.0,19.17,4274130.0,526705,1602248.0,27880552.45,17917947.55,39.12
BR06,2026-07,51628500,14485449.74,28.06,9988400.0,19.35,6496815.0,1829825,1407259.0,34207748.74,17420751.259999998,33.74
BR06,2026-08,52818000,15556141.3,29.45,11012800.0,20.85,5661981.0,662318,1863569.0,34756809.3,18061190.700000003,34.2
BR06,2026-09,34523000,10086190.59,29.22,6685800.0,19.37,3311020.0,1132203,997639.0,22212852.59,12310147.41,35.66
BR07,2026-04,54064000,15622246.18,28.9,10801000.0,19.98,6321946.0,1720515,1297921.0,35763628.18,18300371.82,33.85
BR07,2026-05,58656000,16386120.78,27.94,12143400.0,20.7,5753487.0,974025,2087201.0,37344233.78,21311766.22,36.33
BR07,2026-06,52987500,15212944.66,28.71,10352300.0,19.54,6679458.0,1370654,1409345.0,35024701.66,17962798.340000004,33.9
BR07,2026-07,57598500,16509741.75,28.66,11485900.0,19.94,5684162.0,2278092,1647639.0,37605534.75,19992965.25,34.71
BR07,2026-08,60755000,17293372.09,28.46,12203700.0,20.09,5548328.0,2175941,1770909.0,38992250.09,21762749.909999996,35.82
BR07,2026-09,37616500,10730033.87,28.52,7530700.0,20.02,3687574.0,1268577,1102499.0,24319383.869999997,13297116.130000003,35.35
BR08,2026-04,41402500,12000507.18,28.98,7885800.0,19.05,4298818.0,1205591,1213280.0,26603996.18,14798503.82,35.74
BR08,2026-05,53178000,15281779.98,28.74,10662300.0,20.05,5783444.0,1052417,1624274.0,34404214.980000004,18773785.019999996,35.3
BR08,2026-06,42059000,12044074.13,28.64,8870900.0,21.09,5309754.0,516409,1354417.0,28095554.130000003,13963445.869999997,33.2
BR08,2026-07,42222500,12115908.69,28.7,7922900.0,18.76,4977798.0,1667034,1122380.0,27806020.689999998,14416479.310000002,34.14
BR08,2026-08,53665000,15524022.15,28.93,11106600.0,20.7,5558236.0,2126948,1873368.0,36189174.15,17475825.85,32.56
BR08,2026-09,31562500,8869882.95,28.1,6325200.0,20.04,2861932.0,1183189,938783.0,20178986.95,11383513.05,36.07
BR09,2026-04,61503500,16446765.48,26.74,9590000.0,15.59,5928504.0,2239132,2085140.75,36289542.230000004,25213957.769999996,41.0
BR09,2026-05,71954500,19381722.48,26.94,12429800.0,17.27,9343827.0,1342150,1903422.0,44400921.480000004,27553578.519999996,38.29
BR09,2026-06,58301500,15330015.58,26.29,9622300.0,16.5,6319220.0,1823701,1799649.0,34894885.58,23406614.42,40.15
BR09,2026-07,64579500,17365961.03,26.89,9855400.0,15.26,7597235.0,835115,2059367.0,37713078.03,26866421.97,41.6
BR09,2026-08,76260500,20063181.29,26.31,12261100.0,16.08,7030206.0,1415604,2578125.0,43348216.29,32912283.71,43.16
BR09,2026-09,45445500,12073771.57,26.57,7424700.0,16.34,4151992.0,1339054,2085140.75,27074658.32,18370841.68,40.42
BR10,2026-04,42981500,12847923.72,29.89,8523400.0,19.83,5322640.0,1220812,1340627.0,29255402.72,13726097.280000001,31.93
BR10,2026-05,42467500,12684523.57,29.87,8738600.0,20.58,4820710.0,771084,1259390.0,28274307.57,14193192.43,33.42
BR10,2026-06,38810000,11665137.88,30.06,7741000.0,19.95,3972141.0,475233,1291761.0,25145272.880000003,13664727.119999997,35.21
BR10,2026-07,42936000,12653951.49,29.47,8844300.0,20.6,4409315.0,1713734,1251695.0,28872995.490000002,14063004.509999998,32.75
BR10,2026-08,50536500,15206442.73,30.09,10697000.0,21.17,4728675.0,1440937,1578520.0,33651574.730000004,16884925.269999996,33.41
BR10,2026-09,28963000,8410699.64,29.04,5621800.0,19.41,2806711.0,794167,976416.0,18609793.64,10353206.36,35.75
BR11,2026-04,45576000,15545605.94,34.11,9196700.0,20.18,4146661.0,534122,1223311.0,30646399.939999998,14929600.060000002,32.76
BR11,2026-05,48726000,16296506.44,33.45,9535300.0,19.57,6020828.0,1356509,1345262.0,34554405.44,14171594.560000002,29.08
BR11,2026-06,41826500,14233057.08,34.03,8407000.0,20.1,4544538.0,607177,1328867.0,29120639.08,12705860.920000002,30.38
BR11,2026-07,44397000,14458080.96,32.57,8466900.0,19.07,4221627.0,1615706,1587933.0,30350246.96,14046753.04,31.64
BR11,2026-08,51687500,17328373.419999998,33.53,10108900.0,19.56,6180268.0,1899830,1350005.0,36867376.42,14820123.579999998,28.67
BR11,2026-09,29596500,9698050.19,32.77,5890800.0,19.9,2895311.0,905476,961150.0,20350787.189999998,9245712.810000002,31.24
BR12,2026-04,43739000,13155003.94,30.08,9081200.0,20.76,4044843.0,578947,1200088.0,28060081.939999998,15678918.060000002,35.85
BR12,2026-05,44415500,12998215.6,29.27,9290300.0,20.92,5060510.0,1330395,1364838.0,30044258.6,14371241.399999999,32.36
BR12,2026-06,40888500,11718687.99,28.66,7736600.0,18.92,5145013.0,622457,1285402.0,26508159.990000002,14380340.009999998,35.17
BR12,2026-07,45940000,13871868.43,30.2,8886200.0,19.34,4184111.0,1807821,1493950.0,30243950.43,15696049.57,34.17
BR12,2026-08,48061000,14436439.34,30.04,9864300.0,20.52,5873316.0,635980,1440943.0,32250978.34,15810021.66,32.9
BR12,2026-09,31153500,9411193.59,30.21,5719800.0,18.36,3040793.0,1031386,1357044.2,20560216.79,10593283.21,34.0
BR13,2026-04,39404000,12530480.540000001,31.8,7728600.0,19.61,3692788.0,1081829,1078195.0,26111892.54,13292107.46,33.73
BR13,2026-05,37711000,11999433.15,31.82,7527400.0,19.96,3421085.0,1184298,1172387.0,25304603.15,12406396.850000001,32.9
BR13,2026-06,35799500,11583584.82,32.36,7531200.0,21.04,3641489.0,392174,1071071.0,24219518.82,11579981.18,32.35
BR13,2026-07,37083000,11935311.12,32.19,7632300.0,20.58,4416009.0,531098,1266097.0,25780815.119999997,11302184.880000003,30.48
BR13,2026-08,45130500,14694378.43,32.56,8908000.0,19.74,4952042.0,468675,1218105.0,30241200.43,14889299.57,32.99
BR13,2026-09,27292500,8377206.31,30.69,5374000.0,19.69,3387458.0,958527,902147.0,18999338.31,8293161.690000001,30.39
BR14,2026-04,47052500,13007078.6,27.64,9326200.0,19.82,4643538.0,729778,1394349.0,29100943.6,17951556.4,38.15
BR14,2026-05,58104000,16741861.7,28.81,12327300.0,21.22,5961895.0,2174534,1842393.0,39047983.7,19056016.299999997,32.8
BR14,2026-06,50353000,14520387.14,28.84,9901700.0,19.66,5051697.0,1584760,1194199.0,32252743.14,18100256.86,35.95
BR14,2026-07,52884500,15337550.61,29.0,10444200.0,19.75,6829084.0,2084773,1725448.0,36421055.61,16463444.39,31.13
BR14,2026-08,58108500,16602192.440000001,28.57,11795100.0,20.3,7416983.0,681629,1792914.0,38288818.44,19819681.560000002,34.11
BR14,2026-09,36101000,10098294.76,27.97,7175400.0,19.88,3741054.0,697956,989349.0,22702053.759999998,13398946.240000002,37.12
BR15,2026-04,46589500,13079374.030000001,28.07,9254000.0,19.86,5005579.0,1053760,1555999.0,29948712.03,16640787.969999999,35.72
BR15,2026-05,48454000,13530123.100000001,27.92,9229200.0,19.05,4970062.0,1041567,1341784.0,30112736.1,18341263.9,37.85
BR15,2026-06,40269000,11651866.41,28.94,8013400.0,19.9,4826657.0,1466010,1134805.0,27092738.41,13176261.59,32.72
BR15,2026-07,47984500,13553646.36,28.25,9427800.0,19.65,4395405.0,750735,1615855.0,29743441.36,18241058.64,38.01
BR15,2026-08,48543500,13511216.15,27.83,10162600.0,20.94,4499864.0,1534342,1321143.8,31029165.95,17514334.05,36.08
BR15,2026-09,30398000,8889400.0,29.24,6250400.0,20.56,3227097.0,356197,957276.0,19680370.0,10717630.0,35.26
BR16,2026-04,47737500,13480331.540000001,28.24,9542500.0,19.99,4764382.0,1063644,1456335.8,30307193.34,17430306.66,36.51
BR16,2026-05,54106000,15189633.42,28.07,11100800.0,20.52,6698810.0,903739,1722274.0,35615256.42,18490743.58,34.18
BR16,2026-06,43503000,12431056.15,28.58,8582300.0,19.73,5206103.0,533201,1141428.0,27894088.15,15608911.850000001,35.88
BR16,2026-07,51388500,14009954.360000001,27.26,10716800.0,20.85,5746866.0,1806888,1498458.0,33778966.36,17609533.64,34.27
BR16,2026-08,53952500,15178777.64,28.13,10792000.0,20.0,6283255.0,2034225,1974669.0,36262926.64,17689573.36,32.79
BR16,2026-09,32380000,8661826.54,26.75,6632100.0,20.48,3810840.0,546835,944850.0,20596451.54,11783548.46,36.39
BR17,2026-04,47371500,14103021.08,29.77,9014900.0,19.03,5743425.0,824144,1408884.0,31094374.08,16277125.920000002,34.36
BR17,2026-05,57004500,17232835.330000002,30.23,11571200.0,20.3,7245278.0,1028545,1828166.0,38906024.33,18098475.67,31.75
BR17,2026-06,51200000,15566699.34,30.4,9566700.0,18.68,4914658.0,1412781,1470834.0,32931672.34,18268327.66,35.68
BR17,2026-07,57366500,17040417.21,29.7,10549900.0,18.39,6599741.0,609718,1420124.6,36219900.81,21146599.189999998,36.86
BR17,2026-08,63759500,19328848.77,30.32,12598200.0,19.76,6104644.0,2461181,1590679.0,42083552.769999996,21675947.230000004,34.0
BR17,2026-09,37775500,11051575.18,29.26,7279800.0,19.27,4069375.0,968173,802060.0,24170983.18,13604516.82,36.01
BR18,2026-06,5752500,1800210.19,31.29,1704800.0,29.64,698649.0,226319,177978.0,4607956.1899999995,1144543.8100000005,19.9
BR18,2026-07,21214500,6647801.7700000005,31.34,5554200.0,26.18,2668528.0,670870,683508.0,16224907.77,4989592.23,23.52
BR18,2026-08,28189500,8499537.540000001,30.15,6537700.0,23.19,3393145.0,1097563,932305.0,20460250.54,7729249.460000001,27.42
BR18,2026-09,18046500,5758509.29,31.91,4216800.0,23.37,1649745.0,665898,507250.0,12798202.29,5248297.710000001,29.08
