item_id,item_name,category,selling_price,item_name_original,category_original
ITM01,NASI AYAM GEPREK,MAKANAN BERAT,28000,Nasi Ayam Geprek,Makanan Berat
ITM02,NASI RENDANG,MAKANAN BERAT,32000,Nasi Rendang,Makanan Berat
ITM03,MIE GORENG SPESIAL,MAKANAN BERAT,26000,Mie Goreng Spesial,Makanan Berat
ITM04,AYAM BAKAR MADU,MAKANAN BERAT,30000,Ayam Bakar Madu,Makanan Berat
ITM05,NASI GORENG KAMPUNG,MAKANAN BERAT,25000,Nasi Goreng Kampung,Makanan Berat
ITM06,SATE AYAM,MAKANAN BERAT,27000,Sate Ayam,Makanan Berat
ITM07,ES TEH MANIS,MINUMAN,8000,Es Teh Manis,Minuman
ITM08,ES JERUK,MINUMAN,10000,Es Jeruk,Minuman
ITM09,KOPI SUSU GULA AREN,MINUMAN,18000,Kopi Susu Gula Aren,Minuman
ITM10,MATCHA LATTE,MINUMAN,22000,Matcha Latte,Minuman
ITM11,JUS ALPUKAT,MINUMAN,16000,Jus Alpukat,Minuman
ITM12,TAHU CRISPY,SNACK,15000,Tahu Crispy,Snack
ITM13,PISANG GORENG KEJU,SNACK,17000,Pisang Goreng Keju,Snack
ITM14,KENTANG GORENG,SNACK,14000,Kentang Goreng,Snack
ITM15,PUDING COKLAT,DESSERT,12000,Puding Coklat,Dessert
ITM16,ES KRIM GORENG,DESSERT,19000,Es Krim Goreng,Dessert
