branch_id,branch_name,area,opening_date,seating_capacity,branch_name_original,area_original
BR01,RANTING - BINTARO,BINTARO,2024-11-21,29,RANTING - Bintaro,Bintaro
BR02,RANTING - KEMANG,KEMANG,2021-04-30,62,RANTING - Kemang,Kemang
BR03,RANTING - KELAPA GADING,KELAPA GADING,2021-12-13,44,RANTING - Kelapa Gading,Kelapa Gading
BR04,RANTING - CIBUBUR,CIBUBUR,2023-01-27,47,RANTING - Cibubur,Cibubur
BR05,RANTING - BSD,BSD,2023-02-07,41,RANTING - BSD,BSD
BR06,RANTING - DEPOK,DEPOK,2020-11-20,32,RANTING - Depok,Depok
BR07,RANTING - PONDOK INDAH,PONDOK INDAH,2024-11-27,66,RANTING - Pondok Indah,Pondok Indah
BR08,RANTING - KALIBATA,KALIBATA,2021-09-23,59,RANTING - Kalibata,Kalibata
BR09,RANTING - CINERE,CINERE,2024-04-22,53,RANTING - Cinere,Cinere
BR10,RANTING - BEKASI,BEKASI,2024-11-12,42,RANTING - Bekasi,Bekasi
BR11,RANTING - TANGERANG,TANGERANG,2022-08-13,61,RANTING - Tangerang,Tangerang
BR12,RANTING - PLUIT,PLUIT,2020-04-12,49,RANTING - Pluit,Pluit
BR13,RANTING - SENTUL,SENTUL,2021-07-12,44,RANTING - Sentul,Sentul
BR14,RANTING - GADING SERPONG,GADING SERPONG,2021-05-24,44,RANTING - Gading Serpong,Gading Serpong
BR15,RANTING - CENGKARENG,CENGKARENG,2021-08-15,34,RANTING - Cengkareng,Cengkareng
BR16,RANTING - PASAR MINGGU,PASAR MINGGU,2021-04-07,28,RANTING - Pasar Minggu,Pasar Minggu
BR17,RANTING - CIPETE,CIPETE,2022-09-07,49,RANTING - Cipete,Cipete
BR18,RANTING - SUMMARECON BEKASI,SUMMARECON BEKASI,2026-06-18,64,RANTING - Summarecon Bekasi,Summarecon Bekasi
