branch_id,branch_name,area,opening_date,seating_capacity
BR01,RANTING - Bintaro,Bintaro,2024-11-21,29
BR02,RANTING - Kemang,Kemang,2021-04-30,62
BR03,RANTING - Kelapa Gading,Kelapa Gading,2021-12-13,44
BR04,RANTING - Cibubur,Cibubur,2023-01-27,47
BR05,RANTING - BSD,BSD,2023-02-07,41
BR06,RANTING - Depok,Depok,2020-11-20,32
BR07,RANTING - Pondok Indah,Pondok Indah,2024-11-27,66
BR08,RANTING - Kalibata,Kalibata,2021-09-23,59
BR09,RANTING - Cinere,Cinere,2024-04-22,53
BR10,RANTING - Bekasi,Bekasi,2024-11-12,42
BR11,RANTING - Tangerang,Tangerang,2022-08-13,61
BR12,RANTING - Pluit,Pluit,2020-04-12,49
BR13,RANTING - Sentul,Sentul,2021-07-12,44
BR14,RANTING - Gading Serpong,Gading Serpong,2021-05-24,44
BR15,RANTING - Cengkareng,Cengkareng,2021-08-15,34
BR16,RANTING - Pasar Minggu,Pasar Minggu,2021-04-07,28
BR17,RANTING - Cipete,Cipete,2022-09-07,49
BR18,RANTING - Summarecon Bekasi,Summarecon Bekasi,2026-06-18,64
