employee_id,branch_id,role,hourly_rate
EMP0001,BR01,Koki,25000
EMP0002,BR01,Koki,25000
EMP0003,BR01,Shift Leader,35000
EMP0004,BR01,Pramusaji,17000
EMP0005,BR01,Kasir,18000
EMP0006,BR01,Pramusaji,17000
EMP0007,BR02,Koki,25000
EMP0008,BR02,Koki,25000
EMP0009,BR02,Kasir,18000
EMP0010,BR02,Kasir,18000
EMP0011,BR02,Pramusaji,17000
EMP0012,BR02,Koki,25000
EMP0013,BR02,Pramusaji,17000
EMP0014,BR02,Kasir,18000
EMP0015,BR02,Kasir,18000
EMP0016,BR02,Pramusaji,17000
EMP0017,BR02,Koki,25000
EMP0018,BR03,Kasir,18000
EMP0019,BR03,Koki,25000
EMP0020,BR03,Koki,25000
EMP0021,BR03,Koki,25000
EMP0022,BR03,Kasir,18000
EMP0023,BR03,Koki,25000
EMP0024,BR03,Pramusaji,17000
EMP0025,BR03,Pramusaji,17000
EMP0026,BR03,Pramusaji,17000
EMP0027,BR03,Pramusaji,17000
EMP0028,BR03,Pramusaji,17000
EMP0029,BR03,Kasir,18000
EMP0030,BR03,Pramusaji,17000
EMP0031,BR04,Pramusaji,17000
EMP0032,BR04,Koki,25000
EMP0033,BR04,Pramusaji,17000
EMP0034,BR04,Pramusaji,17000
EMP0035,BR04,Shift Leader,35000
EMP0036,BR04,Kasir,18000
EMP0037,BR04,Pramusaji,17000
EMP0038,BR04,Pramusaji,17000
EMP0039,BR04,Kasir,18000
EMP0040,BR04,Kasir,18000
EMP0041,BR05,Koki,25000
EMP0042,BR05,Kasir,18000
EMP0043,BR05,Koki,25000
EMP0044,BR05,Shift Leader,35000
EMP0045,BR05,Shift Leader,35000
EMP0046,BR05,Kasir,18000
EMP0047,BR05,Kasir,18000
EMP0048,BR06,Pramusaji,17000
EMP0049,BR06,Shift Leader,35000
EMP0050,BR06,Kasir,18000
EMP0051,BR06,Koki,25000
EMP0052,BR06,Koki,25000
EMP0053,BR06,Pramusaji,17000
EMP0054,BR07,Pramusaji,17000
EMP0055,BR07,Pramusaji,17000
EMP0056,BR07,Kasir,18000
EMP0057,BR07,Koki,25000
EMP0058,BR07,Pramusaji,17000
EMP0059,BR07,Kasir,18000
EMP0060,BR07,Kasir,18000
EMP0061,BR07,Kasir,18000
EMP0062,BR07,Pramusaji,17000
EMP0063,BR07,Kasir,18000
EMP0064,BR07,Pramusaji,17000
EMP0065,BR08,Kasir,18000
EMP0066,BR08,Kasir,18000
EMP0067,BR08,Kasir,18000
EMP0068,BR08,Shift Leader,35000
EMP0069,BR08,Pramusaji,17000
EMP0070,BR08,Pramusaji,17000
EMP0071,BR08,Koki,25000
EMP0072,BR08,Kasir,18000
EMP0073,BR08,Kasir,18000
EMP0074,BR08,Kasir,18000
EMP0075,BR08,Kasir,18000
EMP0076,BR09,Pramusaji,17000
EMP0077,BR09,Koki,25000
EMP0078,BR09,Kasir,18000
EMP0079,BR09,Pramusaji,17000
EMP0080,BR09,Kasir,18000
EMP0081,BR09,Koki,25000
EMP0082,BR09,Pramusaji,17000
EMP0083,BR09,Koki,25000
EMP0084,BR09,Koki,25000
EMP0085,BR10,Pramusaji,17000
EMP0086,BR10,Koki,25000
EMP0087,BR10,Pramusaji,17000
EMP0088,BR10,Koki,25000
EMP0089,BR10,Pramusaji,17000
EMP0090,BR10,Pramusaji,17000
EMP0091,BR10,Kasir,18000
EMP0092,BR10,Koki,25000
EMP0093,BR11,Pramusaji,17000
EMP0094,BR11,Pramusaji,17000
EMP0095,BR11,Kasir,18000
EMP0096,BR11,Koki,25000
EMP0097,BR11,Shift Leader,35000
EMP0098,BR11,Koki,25000
EMP0099,BR11,Koki,25000
EMP0100,BR11,Koki,25000
EMP0101,BR11,Koki,25000
EMP0102,BR11,Koki,25000
EMP0103,BR11,Kasir,18000
EMP0104,BR11,Pramusaji,17000
EMP0105,BR12,Pramusaji,17000
EMP0106,BR12,Kasir,18000
EMP0107,BR12,Koki,25000
EMP0108,BR12,Pramusaji,17000
EMP0109,BR12,Kasir,18000
EMP0110,BR12,Koki,25000
EMP0111,BR12,Pramusaji,17000
EMP0112,BR12,Koki,25000
EMP0113,BR12,Kasir,18000
EMP0114,BR12,Kasir,18000
EMP0115,BR13,Pramusaji,17000
EMP0116,BR13,Pramusaji,17000
EMP0117,BR13,Pramusaji,17000
EMP0118,BR13,Pramusaji,17000
EMP0119,BR13,Koki,25000
EMP0120,BR13,Koki,25000
EMP0121,BR13,Koki,25000
EMP0122,BR13,Kasir,18000
EMP0123,BR14,Shift Leader,35000
EMP0124,BR14,Kasir,18000
EMP0125,BR14,Pramusaji,17000
EMP0126,BR14,Pramusaji,17000
EMP0127,BR14,Koki,25000
EMP0128,BR14,Pramusaji,17000
EMP0129,BR14,Pramusaji,17000
EMP0130,BR14,Kasir,18000
EMP0131,BR15,Koki,25000
EMP0132,BR15,Koki,25000
EMP0133,BR15,Pramusaji,17000
EMP0134,BR15,Shift Leader,35000
EMP0135,BR15,Kasir,18000
EMP0136,BR15,Koki,25000
EMP0137,BR15,Shift Leader,35000
EMP0138,BR16,Koki,25000
EMP0139,BR16,Shift Leader,35000
EMP0140,BR16,Pramusaji,17000
EMP0141,BR16,Pramusaji,17000
EMP0142,BR16,Koki,25000
EMP0143,BR16,Pramusaji,17000
EMP0144,BR17,Pramusaji,17000
EMP0145,BR17,Pramusaji,17000
EMP0146,BR17,Kasir,18000
EMP0147,BR17,Shift Leader,35000
EMP0148,BR17,Kasir,18000
EMP0149,BR17,Pramusaji,17000
EMP0150,BR17,Shift Leader,35000
EMP0151,BR17,Pramusaji,17000
EMP0152,BR18,Kasir,18000
EMP0153,BR18,Pramusaji,17000
EMP0154,BR18,Pramusaji,17000
EMP0155,BR18,Kasir,18000
EMP0156,BR18,Pramusaji,17000
EMP0157,BR18,Pramusaji,17000
EMP0158,BR18,Koki,25000
EMP0159,BR18,Kasir,18000
EMP0160,BR18,Koki,25000
EMP0161,BR18,Kasir,18000
EMP0162,BR18,Pramusaji,17000
