branch_id,month,rent_cost,marketing_cost,utilities_cost
BR01,2026-04,3795817.0,1461250,913977.0
BR01,2026-05,4615598.0,1468998,1439577.0
BR01,2026-06,4814527.0,917506,1269329.0
BR01,2026-07,3693254.0,901373,1256983.0
BR01,2026-08,4479614.0,1345139,1488125.0
BR01,2026-09,3411682.0,697366,
BR02,2026-04,4708644.0,1776395,
BR02,2026-05,5449730.0,608807,1693178.0
BR02,2026-06,6773740.0,2078533,1842150.0
BR02,2026-07,6336409.0,1689580,1761180.0
BR02,2026-08,6362477.0,1625955,1849676.0
BR02,2026-09,4273030.0,768105,1186497.0
BR03,2026-04,5745641.0,1629195,1227955.0
BR03,2026-05,5159206.0,1553224,1659509.0
BR03,2026-06,4700142.0,556923,1611172.0
BR03,2026-07,5882495.0,1252839,1488684.0
BR03,2026-08,6660758.0,1349509,1831429.0
BR03,2026-09,3426735.0,460235,
BR04,2026-04,6918251.0,1411749,1889318.0
BR04,2026-05,6536457.0,1909320,
BR04,2026-06,6317664.0,1182880,1595069.0
BR04,2026-07,5530697.0,1178332,
BR04,2026-08,6956672.0,2123247,1947645.0
BR04,2026-09,3661144.0,577974,1086052.0
BR05,2026-04,4729786.0,737870,1471543.0
BR05,2026-05,5864882.0,1403792,1530162.0
BR05,2026-06,4441034.0,600610,1109758.0
BR05,2026-07,5581075.0,1224719,1481466.0
BR05,2026-08,6063151.0,1446930,1571051.0
BR05,2026-09,3074737.0,549650,964957.0
BR06,2026-04,5600703.0,1247305,1434463.0
BR06,2026-05,5114031.0,1196299,1409569.0
BR06,2026-06,4274130.0,526705,1602248.0
BR06,2026-07,6496815.0,1829825,1407259.0
BR06,2026-08,5661981.0,662318,1863569.0
BR06,2026-09,3311020.0,1132203,997639.0
BR07,2026-04,6321946.0,1720515,1297921.0
BR07,2026-05,5753487.0,974025,2087201.0
BR07,2026-06,6679458.0,1370654,1409345.0
BR07,2026-07,5684162.0,2278092,1647639.0
BR07,2026-08,5548328.0,2175941,1770909.0
BR07,2026-09,3687574.0,1268577,1102499.0
BR08,2026-04,4298818.0,1205591,1213280.0
BR08,2026-05,5783444.0,1052417,1624274.0
BR08,2026-06,5309754.0,516409,
BR08,2026-07,4977798.0,1667034,1122380.0
BR08,2026-08,5558236.0,2126948,1873368.0
BR08,2026-09,2861932.0,1183189,938783.0
BR09,2026-04,5928504.0,2239132,
BR09,2026-05,9343827.0,1342150,1903422.0
BR09,2026-06,6319220.0,1823701,1799649.0
BR09,2026-07,7597235.0,835115,2059367.0
BR09,2026-08,7030206.0,1415604,2578125.0
BR09,2026-09,4151992.0,1339054,
BR10,2026-04,5322640.0,1220812,1340627.0
BR10,2026-05,4820710.0,771084,1259390.0
BR10,2026-06,3972141.0,475233,1291761.0
BR10,2026-07,4409315.0,1713734,1251695.0
BR10,2026-08,4728675.0,1440937,1578520.0
BR10,2026-09,2806711.0,794167,976416.0
BR11,2026-04,4146661.0,534122,1223311.0
BR11,2026-05,6020828.0,1356509,1345262.0
BR11,2026-06,4544538.0,607177,1328867.0
BR11,2026-07,4221627.0,1615706,1587933.0
BR11,2026-08,6180268.0,1899830,1350005.0
BR11,2026-09,2895311.0,905476,961150.0
BR12,2026-04,4044843.0,578947,1200088.0
BR12,2026-05,5060510.0,1330395,1364838.0
BR12,2026-06,5145013.0,622457,1285402.0
BR12,2026-07,4184111.0,1807821,1493950.0
BR12,2026-08,5873316.0,635980,1440943.0
BR12,2026-09,3040793.0,1031386,
BR13,2026-04,3692788.0,1081829,1078195.0
BR13,2026-05,3421085.0,1184298,1172387.0
BR13,2026-06,3641489.0,392174,1071071.0
BR13,2026-07,4416009.0,531098,1266097.0
BR13,2026-08,4952042.0,468675,1218105.0
BR13,2026-09,3387458.0,958527,902147.0
BR14,2026-04,4643538.0,729778,1394349.0
BR14,2026-05,5961895.0,2174534,1842393.0
BR14,2026-06,5051697.0,1584760,1194199.0
BR14,2026-07,6829084.0,2084773,1725448.0
BR14,2026-08,7416983.0,681629,1792914.0
BR14,2026-09,3741054.0,697956,989349.0
BR15,2026-04,5005579.0,1053760,1555999.0
BR15,2026-05,4970062.0,1041567,1341784.0
BR15,2026-06,4826657.0,1466010,1134805.0
BR15,2026-07,4395405.0,750735,1615855.0
BR15,2026-08,4499864.0,1534342,
BR15,2026-09,3227097.0,356197,957276.0
BR16,2026-04,4764382.0,1063644,
BR16,2026-05,6698810.0,903739,1722274.0
BR16,2026-06,5206103.0,533201,1141428.0
BR16,2026-07,5746866.0,1806888,1498458.0
BR16,2026-08,6283255.0,2034225,1974669.0
BR16,2026-09,3810840.0,546835,944850.0
BR17,2026-04,5743425.0,824144,1408884.0
BR17,2026-05,7245278.0,1028545,1828166.0
BR17,2026-06,4914658.0,1412781,1470834.0
BR17,2026-07,6599741.0,609718,
BR17,2026-08,6104644.0,2461181,1590679.0
BR17,2026-09,4069375.0,968173,802060.0
BR18,2026-06,698649.0,226319,177978.0
BR18,2026-07,2668528.0,670870,683508.0
BR18,2026-08,3393145.0,1097563,932305.0
BR18,2026-09,1649745.0,665898,507250.0
